Date,Adj Close,Close,High,Low,Open,Volume,MA_7,MA_30,MA_90,Daily_Return,Volatility_7,RSI_14
2026-01-22,247.67584228515625,248.3500061035156,251.0,248.1499938964844,249.1999969482422,39708300,253.92142377580916,266.83332977294924,264.21666531032986,0.0028266191168322408,0.01349913005922324,11.871532988331353
2026-01-23,247.36666870117188,248.0399932861328,249.41000366210932,244.67999267578125,247.32000732421875,41689000,252.06285313197546,265.86199645996095,264.3426652696398,-0.0012482899527433977,0.013075941059019311,12.083160166944921
2026-01-26,254.7166748046875,255.41000366210932,256.5599975585937,249.8000030517578,251.47999572753903,55969200,251.41285487583704,265.08299662272134,264.53444315592446,0.029712992160399798,0.01921529779176085,32.52727097644525
2026-01-27,257.5688781738281,258.2699890136719,261.95001220703125,258.2099914550781,259.1700134277344,49648300,251.42142595563615,264.42432963053386,264.7486651950412,0.011197624644906812,0.019723766055175965,43.583305803325615
2026-01-28,255.743896484375,256.44000244140625,258.8599853515625,254.509994506836,257.6499938964844,41288000,251.55142647879464,263.6963297526042,264.9548873901367,-0.007085556394896275,0.019466932889956767,43.85855702806329
2026-01-29,257.5788879394531,258.2799987792969,259.6499938964844,254.41000366210932,258.0,67253000,253.2057124546596,263.1686635335287,265.09688737657336,0.007175153331668849,0.011735688841573645,48.82059209080645
2026-01-30,258.775634765625,259.4800109863281,261.8999938964844,252.17999267578125,255.1699981689453,92443400,254.89571489606584,262.6643310546875,265.1346654256185,0.004646167774132071,0.011708083592439248,50.16623735466336
2026-02-02,269.2770690917969,270.010009765625,270.489990234375,259.2099914550781,260.0299987792969,73913400,257.99000113351,262.60333150227865,265.30777672661674,0.04058115590203082,0.017069822417371754,61.41788955975851
2026-02-03,268.7485046386719,269.4800109863281,271.8800048828125,267.6099853515625,269.20001220703125,64394700,261.05286080496654,262.51299845377605,265.49855465359155,-0.0019628856713753695,0.01716510509406791,59.92467971633816
2026-02-04,275.7394104003906,276.489990234375,278.95001220703125,272.2900085449219,272.2900085449219,90545700,264.0642874581473,262.60699768066405,265.7165545993381,0.026012984125945104,0.016577005573555022,67.07997954142266
2026-02-05,275.1610412597656,275.9100036621094,279.5,273.2300109863281,278.1300048828125,52977400,266.58428955078125,262.77166442871095,265.9437767876519,-0.0020976765624461935,0.017361746606336086,68.7420830037278
2026-02-06,277.364990234375,278.1199951171875,280.9100036621094,276.92999267578125,277.1199951171875,50453400,269.68143136160717,262.9636647542318,266.20699903700086,0.008009827210848641,0.01581059936121976,74.16043966230241
2026-02-09,274.1307983398437,274.6199951171875,278.20001220703125,271.70001220703125,277.9100036621094,44623400,272.0157165527344,262.99066467285155,266.429110039605,-0.01258449612198953,0.01833011553752761,83.70354897901974
2026-02-10,273.19244384765625,273.67999267578125,275.3699951171875,272.94000244140625,274.8900146484375,34376900,274.0442853655134,262.9999979654948,266.6316655476888,-0.003422920610733904,0.018890561939302077,81.42962528428313
2026-02-11,275.0092163085937,275.5,280.17999267578125,274.45001220703125,274.70001220703125,51931300,274.8285696847098,263.05799763997396,266.8357766045464,0.0066501292492171515,0.01226610455722505,81.91866230584769
2026-02-12,261.2637939453125,261.7300109863281,275.7200012207031,260.17999267578125,275.5899963378906,81077200,273.721426827567,262.67966512044273,266.8769990709093,-0.049981811301894274,0.023630360963389736,62.225425326562664
2026-02-13,255.3243560791016,255.77999877929688,262.2300109863281,255.4499969482422,262.010009765625,56290700,270.76285661969865,262.14366556803384,266.8668879191081,-0.022733396848946263,0.020286400257685085,50.33900997009202
2026-02-17,263.4099426269531,263.8800048828125,266.2900085449219,255.5399932861328,258.04998779296875,58469100,269.0442853655134,261.9059987386068,266.94911007351345,0.031667863563111576,0.02594722184711208,54.68986704615091
2026-02-18,263.8791198730469,264.3500061035156,266.82000732421875,262.45001220703125,263.6000061035156,34203300,267.07714407784596,261.8089986165365,267.0189990573459,0.0017811172199722058,0.025487171430134733,56.766472318276776
2026-02-19,260.11578369140625,260.5799865722656,264.4800109863281,260.04998779296875,262.6000061035156,30845300,265.07142857142856,261.7496653238932,267.09166564941404,-0.014261469431454121,0.025556787830318384,51.90459391104111
2026-02-20,264.1086730957031,264.5799865722656,264.75,258.1600036621094,258.9700012207031,42070500,263.7714276994978,261.8913319905599,267.3062210083008,0.015350373037534393,0.026963764512208832,54.036068516269765
2026-02-23,265.705810546875,266.17999267578125,269.42999267578125,263.3800048828125,263.489990234375,37308200,262.4399980817522,262.12933146158855,267.5119986640083,0.006047343656806037,0.026923137710865866,46.470030331941246
2026-02-24,271.6552429199219,272.1400146484375,274.8900146484375,267.7099914550781,267.8599853515625,47014600,263.92714146205356,262.55499877929685,267.78277655707467,0.022390946489790453,0.019444052884248414,52.22855448086133
2026-02-25,273.74151611328125,274.2300109863281,274.94000244140625,271.04998779296875,271.7799987792969,33714300,266.5628574916295,263.0209991455078,268.0593322753906,0.007679856784716499,0.014881601422188855,47.9364704295697
2026-02-26,272.4637756347656,272.95001220703125,276.1099853515625,270.79998779296875,274.95001220703125,32345100,267.8585728236607,263.41766662597655,268.34266577826605,-0.004667610137537803,0.01219710314569974,47.331420254606385
2026-02-27,263.7093811035156,264.17999267578125,272.8099975585937,262.8900146484375,272.8099975585937,72366500,267.8342851911272,263.55833333333334,268.4747768825955,-0.03213049693728531,0.018663958316031053,38.76170240823826
2026-03-02,264.2484130859375,264.7200012207031,266.5299987792969,260.20001220703125,262.4100036621094,41827900,268.4257158551897,263.77533365885415,268.50233256022136,0.002044093269336189,0.017563988081721264,41.618710667856504
2026-03-03,263.2801818847656,263.75,265.5599975585937,260.1300048828125,263.4800109863281,38568900,268.30714634486606,264.04933369954426,268.51322157118057,-0.0036642536122324376,0.01667288090704387,41.59758173472213
2026-03-04,262.0523376464844,262.5199890136719,266.1499938964844,261.4200134277344,264.6499938964844,39803100,267.78428867885043,264.57666676839193,268.55844353569876,-0.004663548763329417,0.016480595064707754,38.90599087812759
2026-03-05,259.8263244628906,260.2900085449219,261.5599975585937,257.25,260.7900085449219,49658600,266.0914306640625,264.9980005900065,268.5663326687283,-0.00849451684471103,0.01257891539663286,48.4667803492099
2026-03-06,257.0013427734375,257.4599914550781,258.7699890136719,254.3699951171875,258.6300048828125,41120000,263.69571358816967,265.30166676839195,268.50677693684895,-0.010872553678353492,0.011005718714679263,51.916046199511044
2026-03-09,259.41705322265625,259.8800048828125,261.1499938964844,253.67999267578125,255.69000244140625,38218500,261.8285696847098,265.6963338216146,268.40755479600693,0.009399570838394267,0.01301310410992687,44.75892293051191
2026-03-10,260.3653564453125,260.8299865722656,262.4800109863281,256.95001220703125,257.6499938964844,30590800,261.3499973842076,265.8769999186198,268.31677686903214,0.0036554627966916,0.007173709533774955,45.44511822379197
2026-03-11,260.3453674316406,260.8099975585937,262.1300048828125,259.54998779296875,261.0899963378906,26218900,260.79142543247764,265.9616668701172,268.2179989284939,-7.663617950770529e-05,0.007027631881680675,50.32962265487708
2026-03-12,255.30438232421875,255.759994506836,258.95001220703125,254.17999267578125,258.6600036621094,40794000,259.64999607631137,265.93899993896486,268.0442211574978,-0.019362766377938212,0.00963156087698345,37.72957674961063
2026-03-13,249.6744384765625,250.1199951171875,256.3299865722656,249.5200042724609,255.47999572753903,36930000,257.87856837681363,265.66699981689453,267.81922115749785,-0.022051921765652627,0.011739121262877832,29.914981382617356
2026-03-16,252.36964416503903,252.82000732421875,253.88999938964844,249.8800048828125,252.1100006103516,32074200,256.8114253452846,265.4449996948242,267.6388880411784,0.01079486750256109,0.013425822276252383,23.69282322259363
2026-03-17,253.7771148681641,254.22999572753903,255.1300048828125,252.17999267578125,252.9600067138672,32361600,256.3499973842076,264.91899922688805,267.4632212320964,0.005577044389181163,0.013476918720705292,22.253049321335695
2026-03-18,249.4947662353516,249.94000244140625,254.94000244140625,249.0,252.6300048828125,35757900,254.92999703543526,264.267665608724,267.2387766520182,-0.016874457610149274,0.013521439487413252,20.537773397906008
2026-03-19,248.5165252685547,248.9600067138672,251.8300018310547,247.3000030517578,249.3999938964844,34864100,253.23428562709265,263.3499994913737,267.00755462646487,-0.0039209238936004365,0.01296017297017741,25.655808323021645
2026-03-20,247.54823303222656,247.9900054931641,249.1999969482422,246.0,247.97999572753903,88331100,251.4028581891741,262.41933288574216,266.77999911838106,-0.003896213024359052,0.012719930357444236,23.603656525434104
2026-03-23,251.04200744628903,251.4900054931641,254.6000061035156,250.27999877929688,253.97000122070312,40546100,250.7928597586496,261.5316665649414,266.5806659274631,0.01411347200480817,0.013605454742864804,32.08649980090438
2026-03-24,251.1917266845703,251.63999938964844,254.8300018310547,249.5500030517578,250.3500061035156,45152300,251.01000322614397,260.7656667073568,266.3183325873481,0.0005964209042430557,0.010461407626307337,33.584792028587415
2026-03-25,252.16998291015625,252.6199951171875,255.0,251.6000061035156,254.1000061035156,28476700,250.98143005371094,260.06366678873695,266.0866658528646,0.00389443542328749,0.009670230190190395,37.97425957275365
2026-03-26,252.43951416015625,252.88999938964844,257.0,250.7700042724609,252.1199951171875,41796700,250.79000200544087,259.3100001017253,265.86377682156035,0.0010688159198788405,0.009376907891826452,42.20934787731981
2026-03-27,248.35679626464844,248.8000030517578,255.4900054931641,248.07000732421875,253.8999938964844,47900000,250.6271449497768,258.8789998372396,265.6014434814453,-0.016173025219509918,0.009177084612338371,32.12900291541739
2026-03-30,246.190658569336,246.6300048828125,250.8699951171875,245.509994506836,250.07000732421875,39446200,250.29428754534044,258.5740000406901,265.3699991861979,-0.008721857485242457,0.00963324195568663,27.964005895145135
2026-03-31,253.337890625,253.7899932861328,255.47999572753903,247.1000061035156,247.91000366210932,49598100,251.12285723005022,258.23766632080077,265.218332417806,0.029031294901536553,0.014806099160854222,41.082304869751674
2026-04-01,255.17462158203125,255.6300048828125,256.17999267578125,253.3300018310547,254.0800018310547,40059400,251.71428571428572,257.946999613444,265.07466583251954,0.007250134541771258,0.014193061007009317,49.82020788265702
2026-04-02,255.464111328125,255.9199981689453,256.1300048828125,250.6499938964844,254.1999969482422,31289400,252.32571411132812,257.7916666666667,264.9598880343967,0.0011344258521832629,0.014182987689505433,59.41559776607169
2026-04-06,258.3988342285156,258.8599853515625,262.1600036621094,256.4599914550781,256.510009765625,29329900,253.2171412876674,257.6009999593099,264.8195546468099,0.011487914987700076,0.014592109487125231,59.7293625020524
2026-04-07,253.0484161376953,253.5,256.20001220703125,245.6999969482422,256.1600036621094,62148000,253.30428423200334,257.17833353678384,264.5704433865017,-0.020706117804507373,0.017289024349316798,48.95684926220001
2026-04-08,258.43878173828125,258.8999938964844,259.75,256.5299987792969,258.45001220703125,41032800,254.74714006696428,256.73699951171875,264.3696655273437,0.02130175107094434,0.017076662051621956,62.409979347768214
2026-04-09,260.02593994140625,260.489990234375,261.1199951171875,256.07000732421875,259.0,28121600,256.72713797433033,256.27899881998695,264.18010999891493,0.006141353323192211,0.015846099597337782,65.70416859428148
2026-04-10,260.0159912109375,260.4800109863281,262.19000244140625,259.0199890136719,259.9800109863281,31291500,257.68285478864397,255.86333211263022,263.9759989420573,-3.8309525974056235e-05,0.01294339141330289,67.46857643090397
2026-04-13,258.73828125,259.20001220703125,260.17999267578125,256.6600036621094,259.7300109863281,36234700,258.19285583496094,255.69733276367188,263.7104434543186,-0.004914000020385667,0.013216027975572484,61.49720330733763
2026-04-14,258.368896484375,258.8299865722656,261.92999267578125,257.19000244140625,259.25,48370700,258.6085684640067,255.5009989420573,263.4064432779948,-0.001427567968129817,0.013281187353877792,60.65184731062913
2026-04-15,265.95538330078125,266.42999267578125,266.5599975585937,257.8099975585937,258.1600036621094,49913500,259.6899980817522,255.59033203125,263.20955437554255,0.029362927395561567,0.01674519590292346,67.10429733536029
2026-04-16,262.9307556152344,263.3999938964844,267.1600036621094,261.2699890136719,266.79998779296875,43323100,261.10428292410717,255.61966552734376,263.0173319498698,-0.011372588907376024,0.014670275626391487,62.18409978189074
2026-04-17,269.7486267089844,270.2300109863281,272.29998779296875,266.7200012207031,266.9599914550781,61436200,262.7228567940848,255.95099894205728,262.92233208550346,0.025930209749845057,0.015573522591456916,73.35951312898456
2026-04-20,272.5635681152344,273.04998779296875,274.2799987792969,270.2900085449219,270.3299865722656,36590200,264.5171421595982,256.4706654866537,262.8685540093316,0.010435468645202839,0.015653344554075438,78.39639561627588
2026-04-21,265.69586181640625,266.1700134277344,272.79998779296875,265.3999938964844,271.5,50209800,265.3299996512277,256.680332438151,262.7462209065755,-0.025196757637106715,0.019830430577671716,63.38671605979578
2026-04-22,272.68341064453125,273.1700134277344,273.739990234375,266.8699951171875,267.82000732421875,43249200,267.3257141113281,257.09166666666664,262.6838877360026,0.026298980526972437,0.021151431017760524,67.06228740827645
2026-04-23,272.9429016113281,273.42999267578125,275.7699890136719,271.6499938964844,275.04998779296875,33399600,269.4114292689732,257.5123331705729,262.63277655707464,0.0009517122497622044,0.020998521989912512,67.04304280398588
2026-04-24,270.5771179199219,271.0599975585937,273.0599975585937,269.6499938964844,272.760009765625,38157100,270.0728585379464,258.02233327229817,262.55255432128905,-0.008667648687676222,0.01942893063069463,62.00790334324148
2026-04-27,267.1332702636719,267.6099853515625,268.3599853515625,265.07000732421875,266.0899963378906,41466800,270.6742858886719,258.60533294677737,262.48033209906686,-0.012727854490168444,0.019597691279085228,64.43035256606322
2026-04-28,270.2277526855469,270.7099914550781,273.2300109863281,268.6600036621094,272.3399963378906,40018900,270.7428545270647,259.20166575113933,262.4369988335503,0.011584044965448959,0.01735228016260243,62.67440032489225
2026-04-29,269.688720703125,270.1700134277344,271.0400085449219,267.0400085449219,267.54998779296875,30047900,270.3314296177455,259.7329996744792,262.41844346788196,-0.0019946734305643643,0.016778594921688848,60.628057038585276
2026-04-30,270.8666381835937,271.3500061035156,276.0,268.1400146484375,270.5,91848200,271.07142857142856,260.44666646321616,262.4091101752387,0.004367593060422559,0.013107496215625373,61.63562856724718
2026-05-01,279.6409606933594,280.1400146484375,287.2200012207031,278.3699951171875,278.8599853515625,79915400,272.06714303152904,261.48600006103516,262.48099907769097,0.032393618379240596,0.014993015612086278,69.31023031722088
2026-05-04,276.3368530273437,276.8299865722656,280.6300048828125,274.8599853515625,279.6600036621094,46668400,272.5528564453125,262.44733276367185,262.5461100260417,-0.011815620415119188,0.01611760358861759,65.7452838146777
2026-05-05,283.6737670898437,284.17999267578125,284.57000732421875,276.5,276.92999267578125,49311700,274.42714146205356,263.53699900309243,262.6774434407552,0.026550613950909296,0.017696828471652232,65.59480616422121
2026-05-06,286.9978332519531,287.510009765625,288.0299987792969,281.07000732421875,281.9200134277344,58336100,277.27000209263394,264.732666015625,262.82966579861113,0.01171798569803939,0.015444806466545722,71.07150801453278
2026-05-07,286.9279479980469,287.44000244140625,292.1300048828125,285.7799987792969,289.2699890136719,45224300,279.6600036621094,265.89333292643227,262.9856658935547,-0.00024349525874178823,0.015932994908447413,67.05648929767202
2026-05-08,292.7974853515625,293.32000732421875,294.760009765625,290.0,290.010009765625,52692800,282.96714564732144,267.24099985758465,263.2029991997613,0.02045645989726541,0.015676441942645128,68.94039976822386
2026-05-11,292.42779541015625,292.67999267578125,293.8800048828125,290.2300109863281,291.9800109863281,42247300,286.01428658621654,268.7036661783854,263.4207770453559,-0.0021819672455212213,0.016381796195035322,78.04098918941602
2026-05-12,294.54595947265625,294.79998779296875,295.2699890136719,292.5599975585937,292.5599975585937,45748100,288.1085684640067,270.3093322753906,263.6756659613715,0.007243389265544797,0.01338757581668855,75.51303528991669
2026-05-13,298.6124572753906,298.8699951171875,300.9200134277344,293.5,293.5,52684300,291.25714111328125,271.81199900309247,263.98522135416664,0.013805995565634221,0.010439592222128232,77.53242652673521
2026-05-14,297.9530334472656,298.2099914550781,300.45001220703125,295.3800048828125,299.82000732421875,35324900,293.2614266531808,273.23133188883463,264.32911003960504,-0.00220833028705536,0.008862492114215062,80.51241176224467
2026-05-15,299.9713134765625,300.2300109863281,303.20001220703125,296.5199890136719,297.8999938964844,54862800,295.0785696847098,274.7083323160807,264.74988810221356,0.0067738157309671365,0.008611843893012085,87.87733177981747
2026-05-18,297.5833435058594,297.8399963378906,300.6600036621094,294.9100036621094,300.239990234375,34483000,296.5642830984933,276.007666015625,265.16666598849827,-0.007960612067346995,0.009966793590501115,82.03062848050915
2026-05-19,298.7123718261719,298.9700012207031,300.510009765625,296.3500061035156,296.9700012207031,42243600,297.37142508370533,277.52333272298176,265.6103325737847,0.003793999787491842,0.0073409028364258945,83.53505389243686
2026-05-20,301.98956298828125,302.25,302.79998779296875,298.0799865722656,298.17999267578125,38229800,298.7385689871652,278.9683329264323,266.0867770724826,0.0109709963070026,0.007547825686840486,84.30273566528331
2026-05-21,304.7271728515625,304.989990234375,305.5400085449219,300.3999938964844,301.0599975585937,42965100,300.1942836216518,280.4516662597656,266.5838880750868,0.009065310949131433,0.007683111329777322,81.8670223257474
2026-05-22,308.55389404296875,308.82000732421875,311.3999938964844,305.8399963378906,306.1199951171875,43670200,301.615713936942,282.06299947102866,267.11466606987847,0.012557845216167651,0.007452779156121875,90.48334436577127
2026-05-26,308.0643005371094,308.3299865722656,311.82000732421875,307.6700134277344,309.5599975585937,48000500,303.0614275251116,283.70066528320314,267.6521104600694,-0.001586751960143129,0.0073596876150301025,86.983013967
2026-05-27,310.5821533203125,310.8500061035156,313.260009765625,308.29998779296875,308.3299865722656,50430900,304.5785696847098,285.4346659342448,268.23699951171875,0.008173125031610828,0.007440726579578752,86.65186799663005
2026-05-28,312.24072265625,312.510009765625,312.79998779296875,309.57000732421875,310.67999267578125,48220400,306.6742858886719,286.9706665039063,268.87011074490016,0.005340207912225559,0.0048131548692910125,87.49614309527331
2026-05-29,311.7911071777344,312.0599975585937,315.0,309.5299987792969,311.7799987792969,70026800,308.5442853655134,288.59266662597656,269.59633297390405,-0.001439992937726342,0.005701103847005134,83.46412238367387
2026-06-01,306.0460510253906,306.3099975585937,310.94000244140625,305.0199890136719,309.6300048828125,48849900,309.12428501674106,289.7953328450521,270.24811079237196,-0.018425943872925732,0.010428761646916878,70.58284606139246
2026-06-02,314.92840576171875,315.20001220703125,315.45001220703125,306.69000244140625,307.4599914550781,44534700,310.5828595842634,291.20033365885416,270.9908886379666,0.02902293336585271,0.014593244992362999,75.5766793797329
2026-06-03,309.9926452636719,310.260009765625,316.94000244140625,308.8500061035156,314.17999267578125,50836700,310.78857421875,292.6700002034505,271.6822221544054,-0.015672595971098935,0.015933208577832245,63.97543623155841
2026-06-04,310.9618225097656,311.2300109863281,313.5400085449219,309.6499938964844,313.2300109863281,44869100,311.20286342075894,293.93866678873695,272.3024444580078,0.0031264139436979477,0.015916446144526402,65.85482415653253
2026-06-05,307.0751647949219,307.3399963378906,315.1700134277344,307.1499938964844,312.8599853515625,65310500,310.70143345424106,295.0690002441406,272.84766676161024,-0.012498841728371679,0.016371568126942633,58.28088323734265
2026-06-08,301.2801818847656,301.5400085449219,317.3999938964844,301.1700134277344,308.739990234375,77949100,309.13429042271207,296.0850006103516,273.3487779405382,-0.01887156849768501,0.017219549480465012,53.99223693291677
2026-06-09,290.29962158203125,290.54998779296875,300.75,287.7799987792969,300.2799987792969,70108800,306.0614318847656,296.84966735839845,273.70733337402345,-0.03644631040831148,0.020746949134797982,42.508898681284684
2026-06-10,291.3287353515625,291.5799865722656,294.75,287.3800048828125,290.739990234375,52793300,303.9571446010045,297.5453338623047,274.06399976942276,0.003544996808021894,0.02091513017010831,40.11122066118089
2026-06-11,295.375244140625,295.6300048828125,297.0,289.5899963378906,293.7200012207031,42572500,301.1614292689732,298.3940002441406,274.3486663818359,0.013889904990249002,0.017009248072856066,41.53097808438871
2026-06-12,290.879150390625,291.1300048828125,297.1400146484375,289.6199951171875,296.0299987792969,38742100,298.42857142857144,299.05333353678384,274.58922186957466,-0.015221729613622226,0.016980553522063308,34.185619391526714
2026-06-15,296.1645812988281,296.4200134277344,297.7799987792969,291.70001220703125,294.1199951171875,45732600,296.3128574916295,299.5960001627604,274.8106665717231,0.018170605764429082,0.019521983789129654,40.19434131790692
2026-06-16,298.9821472167969,299.239990234375,300.4800109863281,293.9700012207031,295.25,39874400,295.1557137625558,300.34300028483074,275.0698886447483,0.009513449426140408,0.020207375480616702,40.48828077144443
2026-06-17,295.6949768066406,295.95001220703125,302.07000732421875,294.3599853515625,300.8500061035156,42745100,294.35714285714283,300.73533426920574,275.2679999457465,-0.010994446379867018,0.01942128396499631,36.78583743578457
2026-06-18,297.7532043457031,298.010009765625,300.57000732421875,295.6199951171875,298.1099853515625,85962200,295.422860281808,301.0853342692057,275.52788899739585,0.006960626705947437,0.01246089159685753,39.06956315289654
2026-06-22,296.75408935546875,297.010009765625,302.4200134277344,296.760009765625,297.3099975585937,44879900,296.1985778808594,301.4043345133463,275.7871114095052,-0.0033555919842641613,0.012744446724939091,42.18751281819903
2026-06-23,294.04638671875,294.29998779296875,301.6400146484375,294.17999267578125,297.5400085449219,52010900,296.0085754394531,301.43700052897134,275.9960001627604,-0.00912434558954689,0.012341492821479446,30.408685891091096
2026-06-24,292.8274230957031,293.0799865722656,299.70001220703125,292.94000244140625,295.3599853515625,53081900,296.28714425223217,301.45033365885416,276.3443332248264,-0.004145434153267291,0.010759904720738263,32.68841765639637
2026-06-25,274.91290283203125,275.1499938964844,288.79998779296875,273.75,287.3999938964844,107013700,293.24857003348217,300.7953338623047,276.5595553927951,-0.06117781321571136,0.023689008185987702,22.904770329844595
2026-06-26,283.53546142578125,283.7799987792969,285.95001220703125,274.2099914550781,275.0,261775500,291.03999982561385,300.292333984375,276.7806664360894,0.03136472859984596,0.02781958539337587,33.48289740669075
2026-06-29,281.4972229003906,281.739990234375,288.3699951171875,279.8500061035156,286.7300109863281,66427000,289.00999668666293,299.7433339436849,276.97388848198784,-0.007188697419469814,0.027770451260898287,35.34635133053604
2026-06-30,289.11065673828125,289.3599853515625,289.94000244140625,280.70001220703125,281.1700134277344,65100200,287.77427891322543,299.38099975585936,277.29366624620224,0.02704619642688466,0.030332623027902055,49.073062473792156
2026-07-01,294.1263427734375,294.3800048828125,296.5899963378906,289.20001220703125,293.44000244140625,50164200,287.39856392996654,299.2656667073568,277.6247775607639,0.017348699838890536,0.031374424921571796,52.05340081991905
2026-07-02,308.3640441894531,308.6300048828125,309.4200134277344,293.67999267578125,294.1199951171875,75352800,289.4457092285156,299.58766682942706,278.0964443630642,0.0484068203126522,0.03603206390349791,58.29293135375314
2026-07-06,312.3905944824219,312.6600036621094,314.20001220703125,307.0,307.3599853515625,53590000,292.2428545270647,299.9346669514974,278.5466664632161,0.01305770247720095,0.035700156877831235,63.817223570333205
2026-07-07,310.3923034667969,310.6600036621094,315.4800109863281,310.1499938964844,315.2900085449219,42490000,297.31571306501115,300.12366739908856,278.95144415961374,-0.006396724801939757,0.02016080769101947,59.54167191515606
2026-07-08,313.1199645996094,313.3900146484375,314.82000732421875,307.04998779296875,311.9100036621094,41323500,301.54571533203125,300.2760009765625,279.4007775200738,0.008787777487112347,0.019394799887752643,59.49283432970273
2026-07-09,315.947509765625,316.2200012207031,316.5299987792969,308.1600036621094,310.510009765625,48124500,306.47143118722096,300.53900146484375,279.9789998372396,0.009030238488741738,0.017228464214411255,63.682988158427634
2026-07-10,315.0483093261719,315.32000732421875,316.9100036621094,312.1700134277344,314.7200012207031,34132300,310.1800057547433,300.68800150553386,280.5412221272787,-0.0028461004775477416,0.017942165130335006,61.87079237676195
2026-07-13,317.0365600585937,317.3099975585937,323.45001220703125,315.7799987792969,317.0199890136719,43257800,313.4557189941406,300.84800109863284,281.13633321126304,0.0063110179758709695,0.01792839971274874,63.7347639286475
2026-07-14,314.58868408203125,314.8599853515625,316.19000244140625,311.9100036621094,313.760009765625,36336800,314.34571620396207,300.9413340250651,281.7178887261285,-0.0077211944971219415,0.008359778634980865,63.95980001956044
2026-07-15,327.2178039550781,327.5,328.7300109863281,317.32000732421875,317.6199951171875,60957600,316.46571568080356,301.6476674397787,282.46466640896267,0.040144874663333496,0.0163253323541186,70.23277807815384
2026-07-16,332.97283935546875,333.260009765625,334.67999267578125,326.7900085449219,328.010009765625,62970600,319.6942879813058,302.2496673583984,283.3068888346354,0.017587816078244334,0.015605183958815768,89.86142122479711
2026-07-17,333.452392578125,333.739990234375,334.989990234375,329.0,331.9800109863281,63407100,322.60142735072543,303.03233337402344,284.12755533854164,0.0014402582208634662,0.015957941533080038,88.5850907018523
2026-07-20,326.3085632324219,326.5899963378906,333.7099914550781,323.67999267578125,333.510009765625,53468000,324.0828552246094,303.54433288574216,284.85822211371527,-0.021423845225929217,0.019703176676499175,82.10451122727844
2026-07-21,327.45758056640625,327.739990234375,329.6000061035156,322.2200012207031,323.1300048828125,41338900,325.85713849748885,304.2243326822917,285.60188869900173,0.0035212159263280363,0.019437363587284023,80.27769164247928
2026-07-22,325.60919189453125,325.8900146484375,329.0,323.3399963378906,327.8699951171875,38755900,327.0828552246094,305.03599955240884,286.38111114501953,-0.0056446440503478135,0.019894045944831608,76.16677479523159
2026-07-23,321.3828430175781,321.6600036621094,323.29998779296875,319.3500061035156,321.7300109863281,40840800,328.05428641183033,306.0730000813802,287.176000128852,-0.012979872951588756,0.020499894413266672,62.98067948620509
2026-07-24,332.7330322265625,333.0199890136719,334.3699951171875,321.6199951171875,321.7900085449219,47489400,328.84285627092635,307.45433349609374,288.0671110365126,0.035316748188238156,0.019083346741274803,67.69819197013608
2026-07-27,336.61968994140625,336.9100036621094,339.57000732421875,334.0199890136719,334.5400085449219,49604300,329.3642839704241,308.83033345540366,288.98577779134115,0.011681024493330971,0.018426636377532914,72.0922503500714
2026-07-28,339.78692626953125,340.0799865722656,342.8900146484375,335.6000061035156,340.0299987792969,51859000,330.2699977329799,310.4619995117188,289.9873331705729,0.009408990162653286,0.018652570528221123,72.29740720174716
2026-07-29,337.8985900878906,338.19000244140625,344.57000732421875,337.3500061035156,339.7300109863281,56090800,331.92714146205356,311.8543324788412,290.9787775675456,-0.005557469435084728,0.015986099399767098,68.64710797617651
2026-07-30,333.1426696777344,333.42999267578125,334.75,329.5899963378906,333.1000061035156,74817800,332.739998953683,312.99399922688804,291.92811075846356,-0.014074957069287408,0.017580849916501308,64.42567892783418
2026-07-31,308.6438293457031,308.9100036621094,310.69000244140625,300.0,304.8099975585937,132489100,330.3142830984933,313.4259989420573,292.5661107381185,-0.07353864245054431,0.03397094206452332,45.07620275273704
2026-08-03,303.1585693359375,303.4200134277344,311.79998779296875,302.5599975585937,309.5799865722656,75052000,327.7085702078683,313.60633239746096,293.14144422743055,-0.01777213482662099,0.03415681891107789,43.52502812877087
2026-08-04,309.1134033203125,309.3800048828125,310.4200134277344,301.32000732421875,302.7300109863281,68001000,324.3314296177455,314.01866556803384,293.77211100260416,0.019642710405777475,0.031249976508837245,38.90520780078869
2026-08-05,310.7320251464844,311.0,311.7099914550781,305.6700134277344,309.3599853515625,49438800,320.63000052315846,314.57533264160156,294.41777767605254,0.005236263144417164,0.030591725327408347,35.64238957047003
2026-08-06,312.14080810546875,312.4100036621094,316.2900085449219,309.2300109863281,314.3399963378906,46139900,316.6771458217076,315.21966654459635,295.124555460612,0.004533773833149013,0.030102541512634227,36.405348536769154
2026-08-07,313.0599975585937,313.3299865722656,314.8099975585937,310.739990234375,311.45001220703125,34437200,313.12571498325894,316.4923329671224,295.86566636827257,0.0029447933784836344,0.030557303267303847,40.819699286119345
2026-08-10,308.260009765625,308.260009765625,308.260009765625,304.6099853515625,306.8299865722656,44812500,309.5300031389509,317.30833333333334,296.4708887736003,-0.0161809498736607,0.030609464391798694,37.207769929040715
2026-08-11,304.9100036621094,304.9100036621094,309.9700012207031,302.7900085449219,307.75,37476700,308.9585745675223,318.08066711425784,297.01844431559243,-0.010867469011185404,0.013638583182989595,36.48890277720456
2026-08-12,302.25,302.25,305.6600036621094,300.57000732421875,305.1000061035156,41657800,308.7914297921317,318.5103342692057,297.5332221137153,-0.008723897642456846,0.012225976683908008,37.241997401168796
2026-08-13,305.260009765625,305.260009765625,306.0,302.04998779296875,304.2099914550781,40349300,308.2028590611049,318.8730010986328,298.0487779405382,0.009958675816790663,0.009893943759846905,29.50383655686427
2026-08-14,305.92999267578125,305.92999267578125,307.489990234375,304.29998779296875,306.0,28229400,307.4785723005022,318.7830006917318,298.63133341471354,0.002194794236790587,0.00959196846496414,25.984453519296835
2026-08-17,305.5899963378906,305.5899963378906,307.6600036621094,302.94000244140625,306.2099914550781,38169300,306.50428553989957,318.5473337809245,299.15011121961805,-0.0011113534012042736,0.00914813377573722,22.03661916072842
2026-08-18,310.0299987792969,310.0299987792969,311.489990234375,305.739990234375,307.5799865722656,53424500,306.0328587123326,318.5263336181641,299.7005557590061,0.014529279409058127,0.011236052718290819,28.075342657787957
2026-08-19,316.8299865722656,316.8299865722656,319.2799987792969,309.6000061035156,310.1400146484375,50505600,307.25714111328125,318.64099934895836,300.32666659884984,0.021933322000267097,0.012112654644450242,37.47356882468492
2026-08-20,311.29998779296875,311.29998779296875,320.2799987792969,310.6499938964844,317.4599914550781,40959200,308.1699959891183,318.4769989013672,300.9055552164713,-0.017454152112068244,0.013620918886334885,52.528017529395896
2026-08-21,309.3500061035156,309.3500061035156,312.3800048828125,307.010009765625,312.04998779296875,46876800,309.1842825753348,318.2779988606771,301.46688876681856,-0.006263995393247401,0.013294449875494163,56.780246513815634
2026-08-24,310.3399963378906,310.3399963378906,313.3599853515625,309.9700012207031,311.4700012207031,34673600,309.90999494280135,318.04566548665366,301.95477769639757,0.0032002269754076718,0.012980285697429478,51.2383816831157
2026-08-25,309.8999938964844,309.8999938964844,313.5899963378906,308.2099914550781,310.7900085449219,25869800,310.47713797433033,317.880332438151,302.4714443630642,-0.0014178077160482694,0.013062870375288044,48.53644454081024
2026-08-26,313.45001220703125,313.45001220703125,315.42999267578125,308.79998779296875,310.29998779296875,34024500,311.5999973842076,317.41199951171876,302.95166659884984,0.011455367474878742,0.013435606715053214,51.309176876983706
2026-08-27,314.5799865722656,314.5799865722656,315.3999938964844,309.3999938964844,310.54998779296875,32419200,312.24999564034596,316.7893320719401,303.4131110297309,0.003604958753321119,0.012576677597382638,51.565241848208224
2026-08-28,319.70001220703125,319.70001220703125,322.3699951171875,315.45001220703125,316.8500061035156,38649400,312.65999930245533,316.321332804362,304.0078887939453,0.01627575132974779,0.011199956497568796,64.30716361948728
2026-08-31,316.8500061035156,316.8500061035156,321.239990234375,312.79998779296875,319.6000061035156,41242700,313.4528590611049,315.9966664632162,304.49322204589845,-0.008914626195478559,0.009074727408656731,65.12159111990601
2026-09-01,325.1300048828125,325.1300048828125,327.29998779296875,314.7300109863281,316.9800109863281,53167400,315.7071446010045,315.9096669514974,305.0676666259766,0.02613223487390992,0.011703109570505505,75.36587280320686
2026-09-02,324.9599914550781,324.9599914550781,328.3999938964844,323.5299987792969,326.8699951171875,33776400,317.79571533203125,315.8786661783854,305.6665554470486,-0.000522909067699362,0.011995648968815303,73.30808254048492
2026-09-03,328.2099914550781,328.2099914550781,330.8099975585937,324.1099853515625,324.8699951171875,37225800,320.4114292689732,316.0969991048177,306.33988884819877,0.010001231183714099,0.011479558445921934,74.84389005231682
2026-09-04,319.9700012207031,319.9700012207031,328.92999267578125,317.8599853515625,328.3099975585937,39606900,321.34285627092635,315.66199951171876,306.88722229003906,-0.025105848234065142,0.01685727006255918,63.63292334612518
2026-09-08,316.2200012207031,316.2200012207031,320.70001220703125,314.8999938964844,317.1000061035156,35477100,321.57714407784596,314.9723327636719,307.39888882107203,-0.011719848691107093,0.01774741627686554,55.946209311352064
2026-09-09,315.3399963378906,315.3399963378906,319.1499938964844,309.8999938964844,315.489990234375,65640000,320.95428466796875,314.147666422526,307.8876664903429,-0.0027828881140200545,0.01640246797483942,48.38500967194764
2026-09-10,326.57000732421875,326.57000732421875,326.739990234375,316.510009765625,316.6700134277344,70011900,322.34285627092635,313.7603332519531,308.40355529785154,0.03561239017170226,0.0211504763539442,64.73086484303148
2026-09-11,332.2699890136719,332.2699890136719,336.2200012207031,326.29998779296875,327.45001220703125,50716900,323.36285400390625,313.72166646321614,309.0195553249783,0.017454088133066703,0.01988900729386471,70.61890595778934
2026-09-14,333.0799865722656,333.0799865722656,335.5,331.3399963378906,334.7900085449219,39223900,324.5228533063616,314.52733256022134,309.56288859049477,0.0024377692400032736,0.019826122460137856,70.52344784581248
2026-09-15,329.635009765625,329.635009765625,331.5899963378906,328.3500061035156,330.260009765625,7572798,324.72642735072543,315.4011657714844,310.03094414605033,-0.010342791357994763,0.02023528931615179,66.89497156203709
